Source,Destination,Action
C:\Users\jakem\Documents\Aletheia_project\Local_application_dev\ACP_V1\aletheia_mcp.py,ACP_v2\tools\analysis\aletheia_mcp.py,COPY
C:\Users\jakem\Documents\Aletheia_project\Local_application_dev\ACP_V1\analysis.rule_engine.py,ACP_v2\tools\analysis\analysis.rule_engine.py,COPY
C:\Users\jakem\Documents\Aletheia_project\Local_application_dev\ACP_V1\backend_startup.py,ACP_v2\backend_startup.py,COPY
C:\Users\jakem\Documents\Aletheia_project\Local_application_dev\ACP_V1\DIRECTORY_STRUCTURE.md,ACP_v2\reference\legacy_directory_structure.md,COPY
C:\Users\jakem\Documents\Aletheia_project\Local_application_dev\ACP_V1\fi_migration.py,ACP_v2\tools\analysis\fi_migration.py,COPY
C:\Users\jakem\Documents\Aletheia_project\Local_application_dev\ACP_V1\governance_report.json,ACP_v2\discovered_assets\governance_report.json,COPY
C:\Users\jakem\Documents\Aletheia_project\Local_application_dev\ACP_V1\hydrate_memory.py,ACP_v2\tools\analysis\hydrate_memory.py,COPY
C:\Users\jakem\Documents\Aletheia_project\Local_application_dev\ACP_V1\main_platform.py,ACP_v2\tools\analysis\main_platform.py,COPY
C:\Users\jakem\Documents\Aletheia_project\Local_application_dev\ACP_V1\methodology_library.json,ACP_v2\config\methodology_library.json,COPY
C:\Users\jakem\Documents\Aletheia_project\Local_application_dev\ACP_V1\migrate_to_acp.ps1,ACP_v2\ops\launchers\migrate_to_acp.ps1,COPY
C:\Users\jakem\Documents\Aletheia_project\Local_application_dev\ACP_V1\orchestrator.py,ACP_v2\tools\analysis\orchestrator.py,COPY
C:\Users\jakem\Documents\Aletheia_project\Local_application_dev\ACP_V1\orchestrator_config.json,ACP_v2\config\orchestrator_config.json,COPY
C:\Users\jakem\Documents\Aletheia_project\Local_application_dev\ACP_V1\package-lock.json,ACP_v2\ui\package-lock.json,COPY
C:\Users\jakem\Documents\Aletheia_project\Local_application_dev\ACP_V1\package_workspace.bat,ACP_v2\ops\launchers\package_workspace.bat,COPY
C:\Users\jakem\Documents\Aletheia_project\Local_application_dev\ACP_V1\run_boot.bat,ACP_v2\ops\launchers\run_boot.bat,COPY
C:\Users\jakem\Documents\Aletheia_project\Local_application_dev\ACP_V1\run_frontend.bat,ACP_v2\ops\launchers\run_frontend.bat,COPY
C:\Users\jakem\Documents\Aletheia_project\Local_application_dev\ACP_V1\Scan_Project_Targets.bat,ACP_v2\ops\launchers\Scan_Project_Targets.bat,COPY
C:\Users\jakem\Documents\Aletheia_project\Local_application_dev\ACP_V1\start_backend.bat,ACP_v2\ops\launchers\start_backend.bat,COPY
C:\Users\jakem\Documents\Aletheia_project\Local_application_dev\ACP_V1\update_mcp_setup.py,ACP_v2\tools\analysis\update_mcp_setup.py,COPY
C:\Users\jakem\Documents\Aletheia_project\Local_application_dev\ACP_V1\workspace_packager.py,ACP_v2\tools\bundler\workspace_packager.py,COPY
C:\Users\jakem\Documents\Aletheia_project\Local_application_dev\ACP_V1\api\ws_runner.py,ACP_v2\tools\api\ws_runner.py,COPY
C:\Users\jakem\Documents\Aletheia_project\Local_application_dev\ACP_V1\api\__init__.py,ACP_v2\discovered_assets\api\__init__.py,COPY
C:\Users\jakem\Documents\Aletheia_project\Local_application_dev\ACP_V1\audit\discrepancy_check.py,ACP_v2\ops\audit\discrepancy_check.py,COPY
C:\Users\jakem\Documents\Aletheia_project\Local_application_dev\ACP_V1\brain\stack_creator.py,ACP_v2\core\brain\stack_creator.py,COPY
C:\Users\jakem\Documents\Aletheia_project\Local_application_dev\ACP_V1\brain\workflow_analyzer.py,ACP_v2\core\brain\workflow_analyzer.py,COPY
C:\Users\jakem\Documents\Aletheia_project\Local_application_dev\ACP_V1\bridge\context_manager.py,ACP_v2\core\bridge\context_manager.py,COPY
C:\Users\jakem\Documents\Aletheia_project\Local_application_dev\ACP_V1\control\adaptive_protection.py,ACP_v2\core\control\adaptive_protection.py,COPY
C:\Users\jakem\Documents\Aletheia_project\Local_application_dev\ACP_V1\control\damping_controller.py,ACP_v2\core\control\damping_controller.py,COPY
C:\Users\jakem\Documents\Aletheia_project\Local_application_dev\ACP_V1\control\drl_tuner.py,ACP_v2\discovered_assets\control\drl_tuner.py,COPY
C:\Users\jakem\Documents\Aletheia_project\Local_application_dev\ACP_V1\control\pmu_filter.py,ACP_v2\core\control\pmu_filter.py,COPY
C:\Users\jakem\Documents\Aletheia_project\Local_application_dev\ACP_V1\control\stability_math.py,ACP_v2\discovered_assets\control\stability_math.py,COPY
C:\Users\jakem\Documents\Aletheia_project\Local_application_dev\ACP_V1\control\telemetry_norm.py,ACP_v2\discovered_assets\control\telemetry_norm.py,COPY
C:\Users\jakem\Documents\Aletheia_project\Local_application_dev\ACP_V1\core\bootstrap.py,ACP_v2\discovered_assets\core\bootstrap.py,COPY
C:\Users\jakem\Documents\Aletheia_project\Local_application_dev\ACP_V1\core\graph_transformer.py,ACP_v2\tools\core\graph_transformer.py,COPY
C:\Users\jakem\Documents\Aletheia_project\Local_application_dev\ACP_V1\core\lens_manager.py,ACP_v2\tools\core\lens_manager.py,COPY
C:\Users\jakem\Documents\Aletheia_project\Local_application_dev\ACP_V1\core\schemas.py,ACP_v2\discovered_assets\core\schemas.py,COPY
C:\Users\jakem\Documents\Aletheia_project\Local_application_dev\ACP_V1\core\shared_utils.py,ACP_v2\tools\core\shared_utils.py,COPY
C:\Users\jakem\Documents\Aletheia_project\Local_application_dev\ACP_V1\core\bus\message_bus.py,ACP_v2\discovered_assets\core\bus\message_bus.py,COPY
C:\Users\jakem\Documents\Aletheia_project\Local_application_dev\ACP_V1\core\bus\settings_db.py,ACP_v2\discovered_assets\core\bus\settings_db.py,COPY
C:\Users\jakem\Documents\Aletheia_project\Local_application_dev\ACP_V1\core\bus\__init__.py,ACP_v2\discovered_assets\core\bus\__init__.py,COPY
C:\Users\jakem\Documents\Aletheia_project\Local_application_dev\ACP_V1\core\canon\canonical_code_platform_port\api.py,ACP_v2\discovered_assets\core\canon\canonical_code_platform_port\api.py,COPY
C:\Users\jakem\Documents\Aletheia_project\Local_application_dev\ACP_V1\core\canon\canonical_code_platform_port\ARCHITECTURE.md,ACP_v2\docs\guides\ARCHITECTURE.md,COPY
C:\Users\jakem\Documents\Aletheia_project\Local_application_dev\ACP_V1\core\canon\canonical_code_platform_port\finish_cleanup.py,ACP_v2\discovered_assets\core\canon\canonical_code_platform_port\finish_cleanup.py,COPY
C:\Users\jakem\Documents\Aletheia_project\Local_application_dev\ACP_V1\core\canon\canonical_code_platform_port\governance_report.json,ACP_v2\discovered_assets\core\canon\canonical_code_platform_port\governance_report.json,COPY
C:\Users\jakem\Documents\Aletheia_project\Local_application_dev\ACP_V1\core\canon\canonical_code_platform_port\install_requirements.bat,ACP_v2\ops\launchers\install_requirements.bat,COPY
C:\Users\jakem\Documents\Aletheia_project\Local_application_dev\ACP_V1\core\canon\canonical_code_platform_port\MIGRATION_GUIDE.md,ACP_v2\docs\guides\MIGRATION_GUIDE.md,COPY
C:\Users\jakem\Documents\Aletheia_project\Local_application_dev\ACP_V1\core\canon\canonical_code_platform_port\orchestrator.py,ACP_v2\tools\analysis\orchestrator_duplicate.py,COPY
C:\Users\jakem\Documents\Aletheia_project\Local_application_dev\ACP_V1\core\canon\canonical_code_platform_port\orchestrator_config.json,ACP_v2\config\orchestrator_config_duplicate.json,COPY
C:\Users\jakem\Documents\Aletheia_project\Local_application_dev\ACP_V1\core\canon\canonical_code_platform_port\QUICKSTART.md,ACP_v2\docs\guides\QUICKSTART.md,COPY
C:\Users\jakem\Documents\Aletheia_project\Local_application_dev\ACP_V1\core\canon\canonical_code_platform_port\README.md,ACP_v2\README.md,COPY
C:\Users\jakem\Documents\Aletheia_project\Local_application_dev\ACP_V1\core\canon\canonical_code_platform_port\requirements.txt,ACP_v2\ops\requirements.txt,COPY
C:\Users\jakem\Documents\Aletheia_project\Local_application_dev\ACP_V1\core\canon\canonical_code_platform_port\start.bat,ACP_v2\ops\launchers\start.bat,COPY
C:\Users\jakem\Documents\Aletheia_project\Local_application_dev\ACP_V1\core\canon\canonical_code_platform_port\start_orchestrator.bat,ACP_v2\ops\launchers\start_orchestrator.bat,COPY
C:\Users\jakem\Documents\Aletheia_project\Local_application_dev\ACP_V1\core\canon\canonical_code_platform_port\start_platform.bat,ACP_v2\ops\launchers\start_platform.bat,COPY
C:\Users\jakem\Documents\Aletheia_project\Local_application_dev\ACP_V1\core\canon\canonical_code_platform_port\ui_app.py,ACP_v2\tools\viz\legacy_app.py,COPY
C:\Users\jakem\Documents\Aletheia_project\Local_application_dev\ACP_V1\core\canon\canonical_code_platform_port\ui_app_backup.py,ACP_v2\discovered_assets\core\canon\canonical_code_platform_port\ui_app_backup.py,COPY
C:\Users\jakem\Documents\Aletheia_project\Local_application_dev\ACP_V1\core\canon\canonical_code_platform_port\WORKFLOWS.md,ACP_v2\docs\guides\WORKFLOWS.md,COPY
C:\Users\jakem\Documents\Aletheia_project\Local_application_dev\ACP_V1\core\canon\canonical_code_platform_port\workflow_ingest_enhanced.py,ACP_v2\discovered_assets\core\canon\canonical_code_platform_port\workflow_ingest_enhanced.py,COPY
C:\Users\jakem\Documents\Aletheia_project\Local_application_dev\ACP_V1\core\canon\canonical_code_platform_port\_tmp_replace.py,ACP_v2\discovered_assets\core\canon\canonical_code_platform_port\_tmp_replace.py,COPY
C:\Users\jakem\Documents\Aletheia_project\Local_application_dev\ACP_V1\core\canon\canonical_code_platform_port\analysis\call_graph_normalizer.py,ACP_v2\discovered_assets\core\canon\canonical_code_platform_port\analysis\call_graph_normalizer.py,COPY
C:\Users\jakem\Documents\Aletheia_project\Local_application_dev\ACP_V1\core\canon\canonical_code_platform_port\analysis\cut_analysis.py,ACP_v2\discovered_assets\core\canon\canonical_code_platform_port\analysis\cut_analysis.py,COPY
C:\Users\jakem\Documents\Aletheia_project\Local_application_dev\ACP_V1\core\canon\canonical_code_platform_port\analysis\drift_detector.py,ACP_v2\discovered_assets\core\canon\canonical_code_platform_port\analysis\drift_detector.py,COPY
C:\Users\jakem\Documents\Aletheia_project\Local_application_dev\ACP_V1\core\canon\canonical_code_platform_port\analysis\governance_report.py,ACP_v2\discovered_assets\core\canon\canonical_code_platform_port\analysis\governance_report.py,COPY
C:\Users\jakem\Documents\Aletheia_project\Local_application_dev\ACP_V1\core\canon\canonical_code_platform_port\analysis\rule_engine.py,ACP_v2\discovered_assets\core\canon\canonical_code_platform_port\analysis\rule_engine.py,COPY
C:\Users\jakem\Documents\Aletheia_project\Local_application_dev\ACP_V1\core\canon\canonical_code_platform_port\analysis\semantic_rebuilder.py,ACP_v2\core\rebuild\semantic_rebuilder.py,COPY
C:\Users\jakem\Documents\Aletheia_project\Local_application_dev\ACP_V1\core\canon\canonical_code_platform_port\analysis\symbol_resolver.py,ACP_v2\discovered_assets\core\canon\canonical_code_platform_port\analysis\symbol_resolver.py,COPY
C:\Users\jakem\Documents\Aletheia_project\Local_application_dev\ACP_V1\core\canon\canonical_code_platform_port\analysis\__init__.py,ACP_v2\discovered_assets\core\canon\canonical_code_platform_port\analysis\__init__.py,COPY
C:\Users\jakem\Documents\Aletheia_project\Local_application_dev\ACP_V1\core\canon\canonical_code_platform_port\bus\message_bus.py,ACP_v2\discovered_assets\core\canon\canonical_code_platform_port\bus\message_bus.py,COPY
C:\Users\jakem\Documents\Aletheia_project\Local_application_dev\ACP_V1\core\canon\canonical_code_platform_port\bus\settings_db.py,ACP_v2\discovered_assets\core\canon\canonical_code_platform_port\bus\settings_db.py,COPY
C:\Users\jakem\Documents\Aletheia_project\Local_application_dev\ACP_V1\core\canon\canonical_code_platform_port\bus\__init__.py,ACP_v2\discovered_assets\core\canon\canonical_code_platform_port\bus\__init__.py,COPY
C:\Users\jakem\Documents\Aletheia_project\Local_application_dev\ACP_V1\core\canon\canonical_code_platform_port\core\canon_db.py,ACP_v2\tools\core\canon_db.py,COPY
C:\Users\jakem\Documents\Aletheia_project\Local_application_dev\ACP_V1\core\canon\canonical_code_platform_port\core\canon_extractor.py,ACP_v2\tools\core\canon_extractor.py,COPY
C:\Users\jakem\Documents\Aletheia_project\Local_application_dev\ACP_V1\core\canon\canonical_code_platform_port\core\ingest.py,ACP_v2\tools\core\ingest.py,COPY
C:\Users\jakem\Documents\Aletheia_project\Local_application_dev\ACP_V1\core\canon\canonical_code_platform_port\core\README.md,ACP_v2\README_duplicate.md,COPY
C:\Users\jakem\Documents\Aletheia_project\Local_application_dev\ACP_V1\core\canon\canonical_code_platform_port\core\rebuild_verifier.py,ACP_v2\tools\core\rebuild_verifier.py,COPY
C:\Users\jakem\Documents\Aletheia_project\Local_application_dev\ACP_V1\core\canon\canonical_code_platform_port\core\__init__.py,ACP_v2\tools\core\__init__.py,COPY
C:\Users\jakem\Documents\Aletheia_project\Local_application_dev\ACP_V1\core\canon\canonical_code_platform_port\docs\README.md,ACP_v2\README_duplicate.md,COPY
C:\Users\jakem\Documents\Aletheia_project\Local_application_dev\ACP_V1\core\canon\canonical_code_platform_port\docs\archive\migrations\MIGRATION_GUIDE_PART6.md,ACP_v2\legacy\MIGRATION_GUIDE_PART6.md,COPY
C:\Users\jakem\Documents\Aletheia_project\Local_application_dev\ACP_V1\core\canon\canonical_code_platform_port\docs\archive\reports\CLEANUP_SUMMARY.md,ACP_v2\legacy\CLEANUP_SUMMARY.md,COPY
C:\Users\jakem\Documents\Aletheia_project\Local_application_dev\ACP_V1\core\canon\canonical_code_platform_port\docs\archive\reports\DOCUMENTATION_CONSOLIDATION.md,ACP_v2\legacy\DOCUMENTATION_CONSOLIDATION.md,COPY
C:\Users\jakem\Documents\Aletheia_project\Local_application_dev\ACP_V1\core\canon\canonical_code_platform_port\docs\archive\reports\PART6_COMPLETION_SUMMARY.md,ACP_v2\legacy\PART6_COMPLETION_SUMMARY.md,COPY
C:\Users\jakem\Documents\Aletheia_project\Local_application_dev\ACP_V1\core\canon\canonical_code_platform_port\docs\archive\reports\PART6_FINAL_OVERVIEW.md,ACP_v2\legacy\PART6_FINAL_OVERVIEW.md,COPY
C:\Users\jakem\Documents\Aletheia_project\Local_application_dev\ACP_V1\core\canon\canonical_code_platform_port\docs\archive\reports\PART6_INTEGRATION_CHECKLIST.md,ACP_v2\legacy\PART6_INTEGRATION_CHECKLIST.md,COPY
C:\Users\jakem\Documents\Aletheia_project\Local_application_dev\ACP_V1\core\canon\canonical_code_platform_port\docs\archive\reports\PHASE5_VERIFICATION.md,ACP_v2\legacy\PHASE5_VERIFICATION.md,COPY
C:\Users\jakem\Documents\Aletheia_project\Local_application_dev\ACP_V1\core\canon\canonical_code_platform_port\docs\archive\reports\PHASE6_SUMMARY.md,ACP_v2\legacy\PHASE6_SUMMARY.md,COPY
C:\Users\jakem\Documents\Aletheia_project\Local_application_dev\ACP_V1\core\canon\canonical_code_platform_port\docs\archive\reports\PHASE7_COMPLETE.md,ACP_v2\legacy\PHASE7_COMPLETE.md,COPY
C:\Users\jakem\Documents\Aletheia_project\Local_application_dev\ACP_V1\core\canon\canonical_code_platform_port\docs\archive\reports\SYSTEM_COMPLETE.md,ACP_v2\legacy\SYSTEM_COMPLETE.md,COPY
C:\Users\jakem\Documents\Aletheia_project\Local_application_dev\ACP_V1\core\canon\canonical_code_platform_port\docs\archive\reports\VERIFICATION_PLAN.md,ACP_v2\legacy\VERIFICATION_PLAN.md,COPY
C:\Users\jakem\Documents\Aletheia_project\Local_application_dev\ACP_V1\core\canon\canonical_code_platform_port\docs\guides\LLM_ARCHITECTURE_DIAGRAM.md,ACP_v2\docs\guides\LLM_ARCHITECTURE_DIAGRAM.md,COPY
C:\Users\jakem\Documents\Aletheia_project\Local_application_dev\ACP_V1\core\canon\canonical_code_platform_port\docs\guides\LLM_COMPLETE_IMPLEMENTATION.md,ACP_v2\docs\guides\LLM_COMPLETE_IMPLEMENTATION.md,COPY
C:\Users\jakem\Documents\Aletheia_project\Local_application_dev\ACP_V1\core\canon\canonical_code_platform_port\docs\guides\LLM_IMPLEMENTATION_SUMMARY.md,ACP_v2\docs\guides\LLM_IMPLEMENTATION_SUMMARY.md,COPY
C:\Users\jakem\Documents\Aletheia_project\Local_application_dev\ACP_V1\core\canon\canonical_code_platform_port\docs\guides\LLM_QUICK_START.md,ACP_v2\docs\guides\LLM_QUICK_START.md,COPY
C:\Users\jakem\Documents\Aletheia_project\Local_application_dev\ACP_V1\core\canon\canonical_code_platform_port\docs\guides\LLM_WORKFLOW_BUILDER_GUIDE.md,ACP_v2\docs\guides\LLM_WORKFLOW_BUILDER_GUIDE.md,COPY
C:\Users\jakem\Documents\Aletheia_project\Local_application_dev\ACP_V1\core\canon\canonical_code_platform_port\docs\guides\RAG_GUIDE.md,ACP_v2\docs\guides\RAG_GUIDE.md,COPY
C:\Users\jakem\Documents\Aletheia_project\Local_application_dev\ACP_V1\core\canon\canonical_code_platform_port\docs\guides\README_LLM_WORKFLOW.md,ACP_v2\docs\guides\README_LLM_WORKFLOW.md,COPY
C:\Users\jakem\Documents\Aletheia_project\Local_application_dev\ACP_V1\core\canon\canonical_code_platform_port\docs\reference\DIRECTORY_STRUCTURE.md,ACP_v2\reference\legacy_directory_structure_duplicate.md,COPY
C:\Users\jakem\Documents\Aletheia_project\Local_application_dev\ACP_V1\core\canon\canonical_code_platform_port\docs\reference\QUICK_REFERENCE.md,ACP_v2\docs\guides\QUICK_REFERENCE.md,COPY
C:\Users\jakem\Documents\Aletheia_project\Local_application_dev\ACP_V1\core\canon\canonical_code_platform_port\extracted_services\add_numbers\api.py,ACP_v2\services\add_numbers\api.py,COPY
C:\Users\jakem\Documents\Aletheia_project\Local_application_dev\ACP_V1\core\canon\canonical_code_platform_port\extracted_services\add_numbers\deployment.yaml,ACP_v2\services\add_numbers\deployment.yaml,COPY
C:\Users\jakem\Documents\Aletheia_project\Local_application_dev\ACP_V1\core\canon\canonical_code_platform_port\extracted_services\add_numbers\interface.py,ACP_v2\services\add_numbers\interface.py,COPY
C:\Users\jakem\Documents\Aletheia_project\Local_application_dev\ACP_V1\core\canon\canonical_code_platform_port\extracted_services\add_numbers\README.md,ACP_v2\README_duplicate.md,COPY
C:\Users\jakem\Documents\Aletheia_project\Local_application_dev\ACP_V1\core\canon\canonical_code_platform_port\extracted_services\add_numbers\requirements.txt,ACP_v2\ops\requirements_duplicate.txt,COPY
C:\Users\jakem\Documents\Aletheia_project\Local_application_dev\ACP_V1\core\canon\canonical_code_platform_port\extracted_services\calculate\api.py,ACP_v2\services\calculate\api.py,COPY
C:\Users\jakem\Documents\Aletheia_project\Local_application_dev\ACP_V1\core\canon\canonical_code_platform_port\extracted_services\calculate\deployment.yaml,ACP_v2\services\calculate\deployment.yaml,COPY
C:\Users\jakem\Documents\Aletheia_project\Local_application_dev\ACP_V1\core\canon\canonical_code_platform_port\extracted_services\calculate\interface.py,ACP_v2\services\calculate\interface.py,COPY
C:\Users\jakem\Documents\Aletheia_project\Local_application_dev\ACP_V1\core\canon\canonical_code_platform_port\extracted_services\calculate\README.md,ACP_v2\README_duplicate.md,COPY
C:\Users\jakem\Documents\Aletheia_project\Local_application_dev\ACP_V1\core\canon\canonical_code_platform_port\extracted_services\calculate\requirements.txt,ACP_v2\ops\requirements_duplicate.txt,COPY
C:\Users\jakem\Documents\Aletheia_project\Local_application_dev\ACP_V1\core\canon\canonical_code_platform_port\extracted_services\calculate_average\api.py,ACP_v2\services\calculate_average\api.py,COPY
C:\Users\jakem\Documents\Aletheia_project\Local_application_dev\ACP_V1\core\canon\canonical_code_platform_port\extracted_services\calculate_average\deployment.yaml,ACP_v2\services\calculate_average\deployment.yaml,COPY
C:\Users\jakem\Documents\Aletheia_project\Local_application_dev\ACP_V1\core\canon\canonical_code_platform_port\extracted_services\calculate_average\interface.py,ACP_v2\services\calculate_average\interface.py,COPY
C:\Users\jakem\Documents\Aletheia_project\Local_application_dev\ACP_V1\core\canon\canonical_code_platform_port\extracted_services\calculate_average\README.md,ACP_v2\README_duplicate.md,COPY
C:\Users\jakem\Documents\Aletheia_project\Local_application_dev\ACP_V1\core\canon\canonical_code_platform_port\extracted_services\calculate_average\requirements.txt,ACP_v2\ops\requirements_duplicate.txt,COPY
C:\Users\jakem\Documents\Aletheia_project\Local_application_dev\ACP_V1\core\canon\canonical_code_platform_port\extracted_services\compute_sum\api.py,ACP_v2\services\compute_sum\api.py,COPY
C:\Users\jakem\Documents\Aletheia_project\Local_application_dev\ACP_V1\core\canon\canonical_code_platform_port\extracted_services\compute_sum\deployment.yaml,ACP_v2\services\compute_sum\deployment.yaml,COPY
C:\Users\jakem\Documents\Aletheia_project\Local_application_dev\ACP_V1\core\canon\canonical_code_platform_port\extracted_services\compute_sum\interface.py,ACP_v2\services\compute_sum\interface.py,COPY
C:\Users\jakem\Documents\Aletheia_project\Local_application_dev\ACP_V1\core\canon\canonical_code_platform_port\extracted_services\compute_sum\README.md,ACP_v2\README_duplicate.md,COPY
C:\Users\jakem\Documents\Aletheia_project\Local_application_dev\ACP_V1\core\canon\canonical_code_platform_port\extracted_services\compute_sum\requirements.txt,ACP_v2\ops\requirements_duplicate.txt,COPY
C:\Users\jakem\Documents\Aletheia_project\Local_application_dev\ACP_V1\core\canon\canonical_code_platform_port\extracted_services\multiply\api.py,ACP_v2\services\multiply\api.py,COPY
C:\Users\jakem\Documents\Aletheia_project\Local_application_dev\ACP_V1\core\canon\canonical_code_platform_port\extracted_services\multiply\deployment.yaml,ACP_v2\services\multiply\deployment.yaml,COPY
C:\Users\jakem\Documents\Aletheia_project\Local_application_dev\ACP_V1\core\canon\canonical_code_platform_port\extracted_services\multiply\interface.py,ACP_v2\services\multiply\interface.py,COPY
C:\Users\jakem\Documents\Aletheia_project\Local_application_dev\ACP_V1\core\canon\canonical_code_platform_port\extracted_services\multiply\README.md,ACP_v2\README_duplicate.md,COPY
C:\Users\jakem\Documents\Aletheia_project\Local_application_dev\ACP_V1\core\canon\canonical_code_platform_port\extracted_services\multiply\requirements.txt,ACP_v2\ops\requirements_duplicate.txt,COPY
C:\Users\jakem\Documents\Aletheia_project\Local_application_dev\ACP_V1\core\canon\canonical_code_platform_port\extracted_services\process_data\api.py,ACP_v2\services\process_data\api.py,COPY
C:\Users\jakem\Documents\Aletheia_project\Local_application_dev\ACP_V1\core\canon\canonical_code_platform_port\extracted_services\process_data\deployment.yaml,ACP_v2\services\process_data\deployment.yaml,COPY
C:\Users\jakem\Documents\Aletheia_project\Local_application_dev\ACP_V1\core\canon\canonical_code_platform_port\extracted_services\process_data\interface.py,ACP_v2\services\process_data\interface.py,COPY
C:\Users\jakem\Documents\Aletheia_project\Local_application_dev\ACP_V1\core\canon\canonical_code_platform_port\extracted_services\process_data\README.md,ACP_v2\README_duplicate.md,COPY
C:\Users\jakem\Documents\Aletheia_project\Local_application_dev\ACP_V1\core\canon\canonical_code_platform_port\extracted_services\process_data\requirements.txt,ACP_v2\ops\requirements_duplicate.txt,COPY
C:\Users\jakem\Documents\Aletheia_project\Local_application_dev\ACP_V1\core\canon\canonical_code_platform_port\orchestrator\rag_orchestrator.py,ACP_v2\discovered_assets\core\canon\canonical_code_platform_port\orchestrator\rag_orchestrator.py,COPY
C:\Users\jakem\Documents\Aletheia_project\Local_application_dev\ACP_V1\core\canon\canonical_code_platform_port\orchestrator\README.md,ACP_v2\README_duplicate.md,COPY
C:\Users\jakem\Documents\Aletheia_project\Local_application_dev\ACP_V1\core\canon\canonical_code_platform_port\orchestrator\__init__.py,ACP_v2\discovered_assets\core\canon\canonical_code_platform_port\orchestrator\__init__.py,COPY
C:\Users\jakem\Documents\Aletheia_project\Local_application_dev\ACP_V1\core\canon\canonical_code_platform_port\staging\metadata.json,ACP_v2\discovered_assets\core\canon\canonical_code_platform_port\staging\metadata.json,COPY
C:\Users\jakem\Documents\Aletheia_project\Local_application_dev\ACP_V1\core\canon\canonical_code_platform_port\staging\README.md,ACP_v2\README_duplicate.md,COPY
C:\Users\jakem\Documents\Aletheia_project\Local_application_dev\ACP_V1\core\canon\canonical_code_platform_port\staging\incoming\test_orchestration.py,ACP_v2\tests\test_orchestration.py,COPY
C:\Users\jakem\Documents\Aletheia_project\Local_application_dev\ACP_V1\core\canon\canonical_code_platform_port\staging\incoming\test_sample.py,ACP_v2\tests\test_sample.py,COPY
C:\Users\jakem\Documents\Aletheia_project\Local_application_dev\ACP_V1\core\canon\canonical_code_platform_port\staging\legacy\create_test_directives.py,ACP_v2\legacy\create_test_directives.py,COPY
C:\Users\jakem\Documents\Aletheia_project\Local_application_dev\ACP_V1\core\canon\canonical_code_platform_port\staging\legacy\MIGRATION_LOG.json,ACP_v2\legacy\MIGRATION_LOG.json,COPY
C:\Users\jakem\Documents\Aletheia_project\Local_application_dev\ACP_V1\core\canon\canonical_code_platform_port\staging\legacy\test_drift_v1.py,ACP_v2\tests\test_drift_v1.py,COPY
C:\Users\jakem\Documents\Aletheia_project\Local_application_dev\ACP_V1\core\canon\canonical_code_platform_port\staging\legacy\test_drift_v2.py,ACP_v2\tests\test_drift_v2.py,COPY
C:\Users\jakem\Documents\Aletheia_project\Local_application_dev\ACP_V1\core\canon\canonical_code_platform_port\staging\legacy\test_phase7_rules.py,ACP_v2\tests\test_phase7_rules.py,COPY
C:\Users\jakem\Documents\Aletheia_project\Local_application_dev\ACP_V1\core\canon\canonical_code_platform_port\staging_folder\test_folder\orchestrator.py,ACP_v2\tools\analysis\orchestrator_duplicate.py,COPY
C:\Users\jakem\Documents\Aletheia_project\Local_application_dev\ACP_V1\core\canon\canonical_code_platform_port\staging_folder\test_folder\RAG_System_Bundler.py,ACP_v2\tools\ingest\rag_bundler.py,COPY
C:\Users\jakem\Documents\Aletheia_project\Local_application_dev\ACP_V1\core\canon\canonical_code_platform_port\staging_folder\test_folder\report_detailed_74bc588f.json,ACP_v2\legacy\report_detailed_74bc588f.json,COPY
C:\Users\jakem\Documents\Aletheia_project\Local_application_dev\ACP_V1\core\canon\canonical_code_platform_port\staging_folder\test_folder\report_summary_74bc588f.json,ACP_v2\legacy\report_summary_74bc588f.json,COPY
C:\Users\jakem\Documents\Aletheia_project\Local_application_dev\ACP_V1\core\canon\canonical_code_platform_port\staging_folder\test_folder\report_summary_bce8782c.json,ACP_v2\legacy\report_summary_bce8782c.json,COPY
C:\Users\jakem\Documents\Aletheia_project\Local_application_dev\ACP_V1\core\canon\canonical_code_platform_port\staging_folder\test_folder\scan_DIRECTORY_MAP_74bc588f.json,ACP_v2\legacy\scan_DIRECTORY_MAP_74bc588f.json,COPY
C:\Users\jakem\Documents\Aletheia_project\Local_application_dev\ACP_V1\core\canon\canonical_code_platform_port\staging_folder\test_folder\scan_DIRECTORY_MAP_bce8782c.json,ACP_v2\legacy\scan_DIRECTORY_MAP_bce8782c.json,COPY
C:\Users\jakem\Documents\Aletheia_project\Local_application_dev\ACP_V1\core\canon\canonical_code_platform_port\staging_folder\test_folder\scan_part1_74bc588f.json,ACP_v2\legacy\scan_part1_74bc588f.json,COPY
C:\Users\jakem\Documents\Aletheia_project\Local_application_dev\ACP_V1\core\canon\canonical_code_platform_port\staging_folder\test_folder\scan_part1_bce8782c.json,ACP_v2\legacy\scan_part1_bce8782c.json,COPY
C:\Users\jakem\Documents\Aletheia_project\Local_application_dev\ACP_V1\core\canon\canonical_code_platform_port\staging_folder\test_folder\config\settings.py,ACP_v2\legacy\settings.py,COPY
C:\Users\jakem\Documents\Aletheia_project\Local_application_dev\ACP_V1\core\canon\canonical_code_platform_port\staging_folder\test_folder\core\codebase_processor.py,ACP_v2\legacy\codebase_processor.py,COPY
C:\Users\jakem\Documents\Aletheia_project\Local_application_dev\ACP_V1\core\canon\canonical_code_platform_port\staging_folder\test_folder\core\ingest_manager.py,ACP_v2\legacy\ingest_manager.py,COPY
C:\Users\jakem\Documents\Aletheia_project\Local_application_dev\ACP_V1\core\canon\canonical_code_platform_port\staging_folder\test_folder\core\pdf_processor.py,ACP_v2\legacy\pdf_processor.py,COPY
C:\Users\jakem\Documents\Aletheia_project\Local_application_dev\ACP_V1\core\canon\canonical_code_platform_port\staging_folder\test_folder\core\retrieval_controller.py,ACP_v2\legacy\retrieval_controller.py,COPY
C:\Users\jakem\Documents\Aletheia_project\Local_application_dev\ACP_V1\core\canon\canonical_code_platform_port\staging_folder\test_folder\settings\init.py,ACP_v2\legacy\init.py,COPY
C:\Users\jakem\Documents\Aletheia_project\Local_application_dev\ACP_V1\core\canon\canonical_code_platform_port\staging_folder\test_folder\utils\embedding_client.py,ACP_v2\tools\common\embedding_client.py,COPY
C:\Users\jakem\Documents\Aletheia_project\Local_application_dev\ACP_V1\core\canon\canonical_code_platform_port\staging_folder\test_folder\utils\metadata_extractor.py,ACP_v2\tools\common\metadata_extractor.py,COPY
C:\Users\jakem\Documents\Aletheia_project\Local_application_dev\ACP_V1\core\canon\canonical_code_platform_port\staging_folder\test_folder\utils\ocr_service.py,ACP_v2\tools\common\ocr_service.py,COPY
C:\Users\jakem\Documents\Aletheia_project\Local_application_dev\ACP_V1\core\canon\canonical_code_platform_port\tests\conftest.py,ACP_v2\tests\conftest.py,COPY
C:\Users\jakem\Documents\Aletheia_project\Local_application_dev\ACP_V1\core\canon\canonical_code_platform_port\tests\test_infrastructure.py,ACP_v2\tests\test_infrastructure.py,COPY
C:\Users\jakem\Documents\Aletheia_project\Local_application_dev\ACP_V1\core\canon\canonical_code_platform_port\tests\test_system.py,ACP_v2\tests\test_system.py,COPY
C:\Users\jakem\Documents\Aletheia_project\Local_application_dev\ACP_V1\core\canon\canonical_code_platform_port\test_suite\tests.py,ACP_v2\discovered_assets\core\canon\canonical_code_platform_port\test_suite\tests.py,COPY
C:\Users\jakem\Documents\Aletheia_project\Local_application_dev\ACP_V1\core\canon\canonical_code_platform_port\tools\debug_db.py,ACP_v2\tools\debug\debug_db.py,COPY
C:\Users\jakem\Documents\Aletheia_project\Local_application_dev\ACP_V1\core\canon\canonical_code_platform_port\tools\debug_queries.py,ACP_v2\tools\debug\debug_queries.py,COPY
C:\Users\jakem\Documents\Aletheia_project\Local_application_dev\ACP_V1\core\canon\canonical_code_platform_port\tools\debug_rebuild.py,ACP_v2\discovered_assets\core\canon\canonical_code_platform_port\tools\debug_rebuild.py,COPY
C:\Users\jakem\Documents\Aletheia_project\Local_application_dev\ACP_V1\core\canon\canonical_code_platform_port\tools\manual_rebuild.py,ACP_v2\tools\rebuild\manual_rebuild.py,COPY
C:\Users\jakem\Documents\Aletheia_project\Local_application_dev\ACP_V1\core\canon\canonical_code_platform_port\tools\README.md,ACP_v2\README_duplicate.md,COPY
C:\Users\jakem\Documents\Aletheia_project\Local_application_dev\ACP_V1\core\canon\canonical_code_platform_port\tools\show_status.py,ACP_v2\discovered_assets\core\canon\canonical_code_platform_port\tools\show_status.py,COPY
C:\Users\jakem\Documents\Aletheia_project\Local_application_dev\ACP_V1\core\canon\canonical_code_platform_port\tools\trace_rebuild.py,ACP_v2\tools\rebuild\trace_rebuild.py,COPY
C:\Users\jakem\Documents\Aletheia_project\Local_application_dev\ACP_V1\core\canon\canonical_code_platform_port\tools\view_results.py,ACP_v2\discovered_assets\core\canon\canonical_code_platform_port\tools\view_results.py,COPY
C:\Users\jakem\Documents\Aletheia_project\Local_application_dev\ACP_V1\core\canon\canonical_code_platform_port\tools\ci\run_system_tests.py,ACP_v2\discovered_assets\core\canon\canonical_code_platform_port\tools\ci\run_system_tests.py,COPY
C:\Users\jakem\Documents\Aletheia_project\Local_application_dev\ACP_V1\core\canon\canonical_code_platform_port\tools\migration\migrate_legacy.py,ACP_v2\legacy\migrate_legacy.py,COPY
C:\Users\jakem\Documents\Aletheia_project\Local_application_dev\ACP_V1\core\canon\canonical_code_platform_port\tools\setup\init_rag.py,ACP_v2\discovered_assets\core\canon\canonical_code_platform_port\tools\setup\init_rag.py,COPY
C:\Users\jakem\Documents\Aletheia_project\Local_application_dev\ACP_V1\core\canon\canonical_code_platform_port\ui\llm_workflow_ui.py,ACP_v2\discovered_assets\core\canon\canonical_code_platform_port\ui\llm_workflow_ui.py,COPY
C:\Users\jakem\Documents\Aletheia_project\Local_application_dev\ACP_V1\core\canon\canonical_code_platform_port\ui\README.md,ACP_v2\README_duplicate.md,COPY
C:\Users\jakem\Documents\Aletheia_project\Local_application_dev\ACP_V1\core\canon\canonical_code_platform_port\ui\__init__.py,ACP_v2\discovered_assets\core\canon\canonical_code_platform_port\ui\__init__.py,COPY
C:\Users\jakem\Documents\Aletheia_project\Local_application_dev\ACP_V1\core\canon\canonical_code_platform_port\ui\react-flow-app\index.html,ACP_v2\discovered_assets\core\canon\canonical_code_platform_port\ui\react-flow-app\index.html,COPY
C:\Users\jakem\Documents\Aletheia_project\Local_application_dev\ACP_V1\core\canon\canonical_code_platform_port\ui\react-flow-app\package-lock.json,ACP_v2\ui\package-lock_duplicate.json,COPY
C:\Users\jakem\Documents\Aletheia_project\Local_application_dev\ACP_V1\core\canon\canonical_code_platform_port\ui\react-flow-app\package.json,ACP_v2\ui\package.json,COPY
C:\Users\jakem\Documents\Aletheia_project\Local_application_dev\ACP_V1\core\canon\canonical_code_platform_port\ui\react-flow-app\tsconfig.json,ACP_v2\config\tsconfig.json,COPY
C:\Users\jakem\Documents\Aletheia_project\Local_application_dev\ACP_V1\core\canon\canonical_code_platform_port\ui\react-flow-app\tsconfig.node.json,ACP_v2\config\tsconfig.node.json,COPY
C:\Users\jakem\Documents\Aletheia_project\Local_application_dev\ACP_V1\core\canon\canonical_code_platform_port\ui\react-flow-app\vite.config.ts,ACP_v2\discovered_assets\core\canon\canonical_code_platform_port\ui\react-flow-app\vite.config.ts,COPY
C:\Users\jakem\Documents\Aletheia_project\Local_application_dev\ACP_V1\core\canon\canonical_code_platform_port\workflows\ingest_workflow.py,ACP_v2\discovered_assets\core\canon\canonical_code_platform_port\workflows\ingest_workflow.py,COPY
C:\Users\jakem\Documents\Aletheia_project\Local_application_dev\ACP_V1\core\canon\canonical_code_platform_port\workflows\README.md,ACP_v2\README_duplicate.md,COPY
C:\Users\jakem\Documents\Aletheia_project\Local_application_dev\ACP_V1\core\canon\canonical_code_platform_port\workflows\workflow_builder.py,ACP_v2\discovered_assets\core\canon\canonical_code_platform_port\workflows\workflow_builder.py,COPY
C:\Users\jakem\Documents\Aletheia_project\Local_application_dev\ACP_V1\core\canon\canonical_code_platform_port\workflows\workflow_extract.py,ACP_v2\workflows\workflow_extract.py,COPY
C:\Users\jakem\Documents\Aletheia_project\Local_application_dev\ACP_V1\core\canon\canonical_code_platform_port\workflows\workflow_ingest.py,ACP_v2\workflows\workflow_ingest.py,COPY
C:\Users\jakem\Documents\Aletheia_project\Local_application_dev\ACP_V1\core\canon\canonical_code_platform_port\workflows\workflow_polyglot.py,ACP_v2\discovered_assets\core\canon\canonical_code_platform_port\workflows\workflow_polyglot.py,COPY
C:\Users\jakem\Documents\Aletheia_project\Local_application_dev\ACP_V1\core\canon\canonical_code_platform_port\workflows\workflow_verify.py,ACP_v2\discovered_assets\core\canon\canonical_code_platform_port\workflows\workflow_verify.py,COPY
C:\Users\jakem\Documents\Aletheia_project\Local_application_dev\ACP_V1\core\canon\canonical_code_platform_port\workflows\__init__.py,ACP_v2\discovered_assets\core\canon\canonical_code_platform_port\workflows\__init__.py,COPY
C:\Users\jakem\Documents\Aletheia_project\Local_application_dev\ACP_V1\data\provenance.py,ACP_v2\discovered_assets\data\provenance.py,COPY
C:\Users\jakem\Documents\Aletheia_project\Local_application_dev\ACP_V1\integration\contract_registry.py,ACP_v2\core\integration\contract_registry.py,COPY
C:\Users\jakem\Documents\Aletheia_project\Local_application_dev\ACP_V1\integration\io_linker.py,ACP_v2\core\integration\io_linker.py,COPY
C:\Users\jakem\Documents\Aletheia_project\Local_application_dev\ACP_V1\legacy\README.md,ACP_v2\README_duplicate.md,COPY
C:\Users\jakem\Documents\Aletheia_project\Local_application_dev\ACP_V1\logs\audit_logger.py,ACP_v2\logs\audit_logger.py,COPY
C:\Users\jakem\Documents\Aletheia_project\Local_application_dev\ACP_V1\memory\README.md,ACP_v2\README_duplicate.md,COPY
C:\Users\jakem\Documents\Aletheia_project\Local_application_dev\ACP_V1\ops\find_tesseract.py,ACP_v2\discovered_assets\ops\find_tesseract.py,COPY
C:\Users\jakem\Documents\Aletheia_project\Local_application_dev\ACP_V1\ops\bootloader\boot.bat,ACP_v2\ops\launchers\boot.bat,COPY
C:\Users\jakem\Documents\Aletheia_project\Local_application_dev\ACP_V1\ops\bootloader\boot_api.py,ACP_v2\discovered_assets\ops\bootloader\boot_api.py,COPY
C:\Users\jakem\Documents\Aletheia_project\Local_application_dev\ACP_V1\ops\bootloader\boot_main.py,ACP_v2\discovered_assets\ops\bootloader\boot_main.py,COPY
C:\Users\jakem\Documents\Aletheia_project\Local_application_dev\ACP_V1\ops\bootloader\dependency_manager.py,ACP_v2\discovered_assets\ops\bootloader\dependency_manager.py,COPY
C:\Users\jakem\Documents\Aletheia_project\Local_application_dev\ACP_V1\ops\bootloader\dep_manager.py,ACP_v2\discovered_assets\ops\bootloader\dep_manager.py,COPY
C:\Users\jakem\Documents\Aletheia_project\Local_application_dev\ACP_V1\ops\bootloader\initializer.py,ACP_v2\discovered_assets\ops\bootloader\initializer.py,COPY
C:\Users\jakem\Documents\Aletheia_project\Local_application_dev\ACP_V1\ops\bootloader\run_boot.bat,ACP_v2\ops\launchers\run_boot_duplicate.bat,COPY
C:\Users\jakem\Documents\Aletheia_project\Local_application_dev\ACP_V1\output\manifest.py,ACP_v2\discovered_assets\output\manifest.py,COPY
C:\Users\jakem\Documents\Aletheia_project\Local_application_dev\ACP_V1\physics_suite\IRER_Validation_suite_run_ID-9\app.py,ACP_v2\discovered_assets\physics_suite\IRER_Validation_suite_run_ID-9\app.py,COPY
C:\Users\jakem\Documents\Aletheia_project\Local_application_dev\ACP_V1\physics_suite\IRER_Validation_suite_run_ID-9\aste_hunter.py,ACP_v2\discovered_assets\physics_suite\IRER_Validation_suite_run_ID-9\aste_hunter.py,COPY
C:\Users\jakem\Documents\Aletheia_project\Local_application_dev\ACP_V1\physics_suite\IRER_Validation_suite_run_ID-9\core_engine.py,ACP_v2\discovered_assets\physics_suite\IRER_Validation_suite_run_ID-9\core_engine.py,COPY
C:\Users\jakem\Documents\Aletheia_project\Local_application_dev\ACP_V1\physics_suite\IRER_Validation_suite_run_ID-9\deploy.ps1,ACP_v2\ops\launchers\deploy.ps1,COPY
C:\Users\jakem\Documents\Aletheia_project\Local_application_dev\ACP_V1\physics_suite\IRER_Validation_suite_run_ID-9\deploy_lifecycle.sh,ACP_v2\ops\launchers\deploy_lifecycle.sh,COPY
C:\Users\jakem\Documents\Aletheia_project\Local_application_dev\ACP_V1\physics_suite\IRER_Validation_suite_run_ID-9\requirements.txt,ACP_v2\ops\requirements_duplicate.txt,COPY
C:\Users\jakem\Documents\Aletheia_project\Local_application_dev\ACP_V1\physics_suite\IRER_Validation_suite_run_ID-9\settings.py,ACP_v2\discovered_assets\physics_suite\IRER_Validation_suite_run_ID-9\settings.py,COPY
C:\Users\jakem\Documents\Aletheia_project\Local_application_dev\ACP_V1\physics_suite\IRER_Validation_suite_run_ID-9\solver_sdg.py,ACP_v2\discovered_assets\physics_suite\IRER_Validation_suite_run_ID-9\solver_sdg.py,COPY
C:\Users\jakem\Documents\Aletheia_project\Local_application_dev\ACP_V1\physics_suite\IRER_Validation_suite_run_ID-9\status.json,ACP_v2\discovered_assets\physics_suite\IRER_Validation_suite_run_ID-9\status.json,COPY
C:\Users\jakem\Documents\Aletheia_project\Local_application_dev\ACP_V1\physics_suite\IRER_Validation_suite_run_ID-9\validation_pipeline.py,ACP_v2\discovered_assets\physics_suite\IRER_Validation_suite_run_ID-9\validation_pipeline.py,COPY
C:\Users\jakem\Documents\Aletheia_project\Local_application_dev\ACP_V1\physics_suite\IRER_Validation_suite_run_ID-9\worker_sncgl_sdg.py,ACP_v2\discovered_assets\physics_suite\IRER_Validation_suite_run_ID-9\worker_sncgl_sdg.py,COPY
C:\Users\jakem\Documents\Aletheia_project\Local_application_dev\ACP_V1\physics_suite\IRER_Validation_suite_run_ID-9\logs\agent_3_validation_pipeline_update\settings.py,ACP_v2\discovered_assets\physics_suite\IRER_Validation_suite_run_ID-9\logs\agent_3_validation_pipeline_update\settings.py,COPY
C:\Users\jakem\Documents\Aletheia_project\Local_application_dev\ACP_V1\physics_suite\IRER_Validation_suite_run_ID-9\logs\agent_3_validation_pipeline_update\validation_pipeline.py,ACP_v2\discovered_assets\physics_suite\IRER_Validation_suite_run_ID-9\logs\agent_3_validation_pipeline_update\validation_pipeline.py,COPY
C:\Users\jakem\Documents\Aletheia_project\Local_application_dev\ACP_V1\physics_suite\IRER_Validation_suite_run_ID-9\logs\agent_3_validation_pipeline_update\worker_sncgl_sdg.py,ACP_v2\discovered_assets\physics_suite\IRER_Validation_suite_run_ID-9\logs\agent_3_validation_pipeline_update\worker_sncgl_sdg.py,COPY
C:\Users\jakem\Documents\Aletheia_project\Local_application_dev\ACP_V1\physics_suite\IRER_Validation_suite_run_ID-9\logs\agent_4\settings.py,ACP_v2\discovered_assets\physics_suite\IRER_Validation_suite_run_ID-9\logs\agent_4\settings.py,COPY
C:\Users\jakem\Documents\Aletheia_project\Local_application_dev\ACP_V1\physics_suite\IRER_Validation_suite_run_ID-9\logs\agent_4\validation_pipeline.py,ACP_v2\discovered_assets\physics_suite\IRER_Validation_suite_run_ID-9\logs\agent_4\validation_pipeline.py,COPY
C:\Users\jakem\Documents\Aletheia_project\Local_application_dev\ACP_V1\physics_suite\IRER_Validation_suite_run_ID-9\logs\agent_4\worker_sncgl_sdg.py,ACP_v2\discovered_assets\physics_suite\IRER_Validation_suite_run_ID-9\logs\agent_4\worker_sncgl_sdg.py,COPY
C:\Users\jakem\Documents\Aletheia_project\Local_application_dev\ACP_V1\physics_suite\IRER_Validation_suite_run_ID-9\modules\analysis_&_Validation\certification_runner.py,ACP_v2\discovered_assets\physics_suite\IRER_Validation_suite_run_ID-9\modules\analysis_&_Validation\certification_runner.py,COPY
C:\Users\jakem\Documents\Aletheia_project\Local_application_dev\ACP_V1\physics_suite\IRER_Validation_suite_run_ID-9\modules\analysis_&_Validation\spectral_analysis.py,ACP_v2\discovered_assets\physics_suite\IRER_Validation_suite_run_ID-9\modules\analysis_&_Validation\spectral_analysis.py,COPY
C:\Users\jakem\Documents\Aletheia_project\Local_application_dev\ACP_V1\physics_suite\IRER_Validation_suite_run_ID-9\modules\analysis_&_Validation\spectral_validation.py,ACP_v2\discovered_assets\physics_suite\IRER_Validation_suite_run_ID-9\modules\analysis_&_Validation\spectral_validation.py,COPY
C:\Users\jakem\Documents\Aletheia_project\Local_application_dev\ACP_V1\physics_suite\IRER_Validation_suite_run_ID-9\modules\analysis_&_Validation\tda_analyzer.py,ACP_v2\discovered_assets\physics_suite\IRER_Validation_suite_run_ID-9\modules\analysis_&_Validation\tda_analyzer.py,COPY
C:\Users\jakem\Documents\Aletheia_project\Local_application_dev\ACP_V1\physics_suite\IRER_Validation_suite_run_ID-9\modules\analysis_&_Validation\tda_taxonomy_validator.py,ACP_v2\discovered_assets\physics_suite\IRER_Validation_suite_run_ID-9\modules\analysis_&_Validation\tda_taxonomy_validator.py,COPY
C:\Users\jakem\Documents\Aletheia_project\Local_application_dev\ACP_V1\physics_suite\IRER_Validation_suite_run_ID-9\modules\core_numerics_physics\fmia_dynamics_solver.py,ACP_v2\discovered_assets\physics_suite\IRER_Validation_suite_run_ID-9\modules\core_numerics_physics\fmia_dynamics_solver.py,COPY
C:\Users\jakem\Documents\Aletheia_project\Local_application_dev\ACP_V1\physics_suite\IRER_Validation_suite_run_ID-9\modules\core_numerics_physics\fmia_rhs.py,ACP_v2\discovered_assets\physics_suite\IRER_Validation_suite_run_ID-9\modules\core_numerics_physics\fmia_rhs.py,COPY
C:\Users\jakem\Documents\Aletheia_project\Local_application_dev\ACP_V1\physics_suite\IRER_Validation_suite_run_ID-9\modules\core_numerics_physics\numerics.py,ACP_v2\discovered_assets\physics_suite\IRER_Validation_suite_run_ID-9\modules\core_numerics_physics\numerics.py,COPY
C:\Users\jakem\Documents\Aletheia_project\Local_application_dev\ACP_V1\physics_suite\IRER_Validation_suite_run_ID-9\modules\I_O_&_Geometry\bssn_solver.py,ACP_v2\discovered_assets\physics_suite\IRER_Validation_suite_run_ID-9\modules\I_O_&_Geometry\bssn_solver.py,COPY
C:\Users\jakem\Documents\Aletheia_project\Local_application_dev\ACP_V1\physics_suite\IRER_Validation_suite_run_ID-9\modules\I_O_&_Geometry\bssn_source_hook.py,ACP_v2\discovered_assets\physics_suite\IRER_Validation_suite_run_ID-9\modules\I_O_&_Geometry\bssn_source_hook.py,COPY
C:\Users\jakem\Documents\Aletheia_project\Local_application_dev\ACP_V1\physics_suite\IRER_Validation_suite_run_ID-9\modules\I_O_&_Geometry\emergent_gravity_core.py,ACP_v2\discovered_assets\physics_suite\IRER_Validation_suite_run_ID-9\modules\I_O_&_Geometry\emergent_gravity_core.py,COPY
C:\Users\jakem\Documents\Aletheia_project\Local_application_dev\ACP_V1\physics_suite\IRER_Validation_suite_run_ID-9\modules\I_O_&_Geometry\geometry_metric.py,ACP_v2\discovered_assets\physics_suite\IRER_Validation_suite_run_ID-9\modules\I_O_&_Geometry\geometry_metric.py,COPY
C:\Users\jakem\Documents\Aletheia_project\Local_application_dev\ACP_V1\physics_suite\IRER_Validation_suite_run_ID-9\modules\LOM\lom_translator.py,ACP_v2\discovered_assets\physics_suite\IRER_Validation_suite_run_ID-9\modules\LOM\lom_translator.py,COPY
C:\Users\jakem\Documents\Aletheia_project\Local_application_dev\ACP_V1\physics_suite\IRER_Validation_suite_run_ID-9\templates\index.html,ACP_v2\discovered_assets\physics_suite\IRER_Validation_suite_run_ID-9\templates\index.html,COPY
C:\Users\jakem\Documents\Aletheia_project\Local_application_dev\ACP_V1\reference\README.md,ACP_v2\README_duplicate.md,COPY
C:\Users\jakem\Documents\Aletheia_project\Local_application_dev\ACP_V1\safe_ops\isolation_layer.py,ACP_v2\ops\safe_ops\isolation_layer.py,COPY
C:\Users\jakem\Documents\Aletheia_project\Local_application_dev\ACP_V1\scaling\micro_data_center.py,ACP_v2\ops\scaling\micro_data_center.py,COPY
C:\Users\jakem\Documents\Aletheia_project\Local_application_dev\ACP_V1\scaling\tiga_commit.py,ACP_v2\ops\scaling\tiga_commit.py,COPY
C:\Users\jakem\Documents\Aletheia_project\Local_application_dev\ACP_V1\scanner\heuristics.py,ACP_v2\tools\scanner\heuristics.py,COPY
C:\Users\jakem\Documents\Aletheia_project\Local_application_dev\ACP_V1\scanner\traversal.py,ACP_v2\tools\scanner\traversal.py,COPY
C:\Users\jakem\Documents\Aletheia_project\Local_application_dev\ACP_V1\tooling\lms_config.json,ACP_v2\config\lms_config.json,COPY
C:\Users\jakem\Documents\Aletheia_project\Local_application_dev\ACP_V1\tooling\analysis\analysis\call_graph_normalizer.py,ACP_v2\discovered_assets\tooling\analysis\analysis\call_graph_normalizer.py,COPY
C:\Users\jakem\Documents\Aletheia_project\Local_application_dev\ACP_V1\tooling\analysis\analysis\cut_analysis.py,ACP_v2\discovered_assets\tooling\analysis\analysis\cut_analysis.py,COPY
C:\Users\jakem\Documents\Aletheia_project\Local_application_dev\ACP_V1\tooling\analysis\analysis\drift_detector.py,ACP_v2\discovered_assets\tooling\analysis\analysis\drift_detector.py,COPY
C:\Users\jakem\Documents\Aletheia_project\Local_application_dev\ACP_V1\tooling\analysis\analysis\governance_report.py,ACP_v2\discovered_assets\tooling\analysis\analysis\governance_report.py,COPY
C:\Users\jakem\Documents\Aletheia_project\Local_application_dev\ACP_V1\tooling\analysis\analysis\rule_engine.py,ACP_v2\discovered_assets\tooling\analysis\analysis\rule_engine.py,COPY
C:\Users\jakem\Documents\Aletheia_project\Local_application_dev\ACP_V1\tooling\analysis\analysis\semantic_rebuilder.py,ACP_v2\core\rebuild\semantic_rebuilder_duplicate.py,COPY
C:\Users\jakem\Documents\Aletheia_project\Local_application_dev\ACP_V1\tooling\analysis\analysis\symbol_resolver.py,ACP_v2\discovered_assets\tooling\analysis\analysis\symbol_resolver.py,COPY
C:\Users\jakem\Documents\Aletheia_project\Local_application_dev\ACP_V1\tooling\analysis\analysis\__init__.py,ACP_v2\discovered_assets\tooling\analysis\analysis\__init__.py,COPY
C:\Users\jakem\Documents\Aletheia_project\Local_application_dev\ACP_V1\tooling\analysis\directory_bundler_port\AI_ANALYSIS_VERIFICATION.md,ACP_v2\docs\guides\AI_ANALYSIS_VERIFICATION.md,COPY
C:\Users\jakem\Documents\Aletheia_project\Local_application_dev\ACP_V1\tooling\analysis\directory_bundler_port\BREAKTHROUGH_SUMMARY.md,ACP_v2\docs\guides\BREAKTHROUGH_SUMMARY.md,COPY
C:\Users\jakem\Documents\Aletheia_project\Local_application_dev\ACP_V1\tooling\analysis\directory_bundler_port\bundler_constants.py,ACP_v2\discovered_assets\tooling\analysis\directory_bundler_port\bundler_constants.py,COPY
C:\Users\jakem\Documents\Aletheia_project\Local_application_dev\ACP_V1\tooling\analysis\directory_bundler_port\check_ai_analysis.py,ACP_v2\discovered_assets\tooling\analysis\directory_bundler_port\check_ai_analysis.py,COPY
C:\Users\jakem\Documents\Aletheia_project\Local_application_dev\ACP_V1\tooling\analysis\directory_bundler_port\CLI_ARGUMENT_FIX.md,ACP_v2\docs\guides\CLI_ARGUMENT_FIX.md,COPY
C:\Users\jakem\Documents\Aletheia_project\Local_application_dev\ACP_V1\tooling\analysis\directory_bundler_port\data_parser.py,ACP_v2\discovered_assets\tooling\analysis\directory_bundler_port\data_parser.py,COPY
C:\Users\jakem\Documents\Aletheia_project\Local_application_dev\ACP_V1\tooling\analysis\directory_bundler_port\Directory_Bundler_Launcher.bat,ACP_v2\ops\launchers\Directory_Bundler_Launcher.bat,COPY
C:\Users\jakem\Documents\Aletheia_project\Local_application_dev\ACP_V1\tooling\analysis\directory_bundler_port\Directory_bundler_v4.5.py,ACP_v2\tools\bundler\Directory_bundler_v4.5.py,COPY
C:\Users\jakem\Documents\Aletheia_project\Local_application_dev\ACP_V1\tooling\analysis\directory_bundler_port\ENHANCEMENT_SUMMARY.md,ACP_v2\docs\guides\ENHANCEMENT_SUMMARY.md,COPY
C:\Users\jakem\Documents\Aletheia_project\Local_application_dev\ACP_V1\tooling\analysis\directory_bundler_port\FRONTEND_COMPLETE.md,ACP_v2\discovered_assets\tooling\analysis\directory_bundler_port\FRONTEND_COMPLETE.md,COPY
C:\Users\jakem\Documents\Aletheia_project\Local_application_dev\ACP_V1\tooling\analysis\directory_bundler_port\FRONTEND_IMPLEMENTATION_REPORT.md,ACP_v2\discovered_assets\tooling\analysis\directory_bundler_port\FRONTEND_IMPLEMENTATION_REPORT.md,COPY
C:\Users\jakem\Documents\Aletheia_project\Local_application_dev\ACP_V1\tooling\analysis\directory_bundler_port\FRONTEND_UPDATES.md,ACP_v2\discovered_assets\tooling\analysis\directory_bundler_port\FRONTEND_UPDATES.md,COPY
C:\Users\jakem\Documents\Aletheia_project\Local_application_dev\ACP_V1\tooling\analysis\directory_bundler_port\GETTING_STARTED.md,ACP_v2\docs\guides\GETTING_STARTED.md,COPY
C:\Users\jakem\Documents\Aletheia_project\Local_application_dev\ACP_V1\tooling\analysis\directory_bundler_port\Install_Dependencies.bat,ACP_v2\ops\launchers\Install_Dependencies.bat,COPY
C:\Users\jakem\Documents\Aletheia_project\Local_application_dev\ACP_V1\tooling\analysis\directory_bundler_port\read_me.md,ACP_v2\docs\guides\read_me.md,COPY
C:\Users\jakem\Documents\Aletheia_project\Local_application_dev\ACP_V1\tooling\analysis\directory_bundler_port\reference_calls.ps1,ACP_v2\ops\launchers\reference_calls.ps1,COPY
C:\Users\jakem\Documents\Aletheia_project\Local_application_dev\ACP_V1\tooling\analysis\directory_bundler_port\requirements.txt,ACP_v2\ops\requirements_duplicate.txt,COPY
C:\Users\jakem\Documents\Aletheia_project\Local_application_dev\ACP_V1\tooling\analysis\directory_bundler_port\Run_Directory_Bundler.bat,ACP_v2\ops\launchers\Run_Directory_Bundler.bat,COPY
C:\Users\jakem\Documents\Aletheia_project\Local_application_dev\ACP_V1\tooling\analysis\directory_bundler_port\Run_Tests.bat,ACP_v2\ops\launchers\Run_Tests.bat,COPY
C:\Users\jakem\Documents\Aletheia_project\Local_application_dev\ACP_V1\tooling\analysis\directory_bundler_port\SCAN_ASSESSMENT.md,ACP_v2\docs\guides\SCAN_ASSESSMENT.md,COPY
C:\Users\jakem\Documents\Aletheia_project\Local_application_dev\ACP_V1\tooling\analysis\directory_bundler_port\security_utils.py,ACP_v2\tools\common\security_utils.py,COPY
C:\Users\jakem\Documents\Aletheia_project\Local_application_dev\ACP_V1\tooling\analysis\directory_bundler_port\SETUP_GUIDE.md,ACP_v2\docs\guides\SETUP_GUIDE.md,COPY
C:\Users\jakem\Documents\Aletheia_project\Local_application_dev\ACP_V1\tooling\analysis\directory_bundler_port\smoke_test.py,ACP_v2\discovered_assets\tooling\analysis\directory_bundler_port\smoke_test.py,COPY
C:\Users\jakem\Documents\Aletheia_project\Local_application_dev\ACP_V1\tooling\analysis\directory_bundler_port\test_bundler.py,ACP_v2\tests\test_bundler.py,COPY
C:\Users\jakem\Documents\Aletheia_project\Local_application_dev\ACP_V1\tooling\analysis\directory_bundler_port\test_proxy.py,ACP_v2\tests\test_proxy.py,COPY
C:\Users\jakem\Documents\Aletheia_project\Local_application_dev\ACP_V1\tooling\analysis\directory_bundler_port\verify_lmstudio_contract.ps1,ACP_v2\ops\launchers\verify_lmstudio_contract.ps1,COPY
C:\Users\jakem\Documents\Aletheia_project\Local_application_dev\ACP_V1\tooling\analysis\directory_bundler_port\verify_setup.py,ACP_v2\discovered_assets\tooling\analysis\directory_bundler_port\verify_setup.py,COPY
C:\Users\jakem\Documents\Aletheia_project\Local_application_dev\ACP_V1\tooling\analysis\directory_bundler_port\WEB_INTERFACE_README.md,ACP_v2\docs\guides\WEB_INTERFACE_README.md,COPY
C:\Users\jakem\Documents\Aletheia_project\Local_application_dev\ACP_V1\tooling\analysis\directory_bundler_port\static\app.js,ACP_v2\discovered_assets\tooling\analysis\directory_bundler_port\static\app.js,COPY
C:\Users\jakem\Documents\Aletheia_project\Local_application_dev\ACP_V1\tooling\analysis\directory_bundler_port\static\index.html,ACP_v2\discovered_assets\tooling\analysis\directory_bundler_port\static\index.html,COPY
C:\Users\jakem\Documents\Aletheia_project\Local_application_dev\ACP_V1\tooling\analysis\directory_bundler_port\static\styles.css,ACP_v2\discovered_assets\tooling\analysis\directory_bundler_port\static\styles.css,COPY
C:\Users\jakem\Documents\Aletheia_project\Local_application_dev\ACP_V1\tooling\bundler\AI_ANALYSIS_VERIFICATION.md,ACP_v2\docs\guides\AI_ANALYSIS_VERIFICATION_duplicate.md,COPY
C:\Users\jakem\Documents\Aletheia_project\Local_application_dev\ACP_V1\tooling\bundler\BREAKTHROUGH_SUMMARY.md,ACP_v2\docs\guides\BREAKTHROUGH_SUMMARY_duplicate.md,COPY
C:\Users\jakem\Documents\Aletheia_project\Local_application_dev\ACP_V1\tooling\bundler\bundler_constants.py,ACP_v2\discovered_assets\tooling\bundler\bundler_constants.py,COPY
C:\Users\jakem\Documents\Aletheia_project\Local_application_dev\ACP_V1\tooling\bundler\check_ai_analysis.py,ACP_v2\discovered_assets\tooling\bundler\check_ai_analysis.py,COPY
C:\Users\jakem\Documents\Aletheia_project\Local_application_dev\ACP_V1\tooling\bundler\CLI_ARGUMENT_FIX.md,ACP_v2\docs\guides\CLI_ARGUMENT_FIX_duplicate.md,COPY
C:\Users\jakem\Documents\Aletheia_project\Local_application_dev\ACP_V1\tooling\bundler\data_parser.py,ACP_v2\discovered_assets\tooling\bundler\data_parser.py,COPY
C:\Users\jakem\Documents\Aletheia_project\Local_application_dev\ACP_V1\tooling\bundler\Directory_Bundler_Launcher.bat,ACP_v2\ops\launchers\Directory_Bundler_Launcher_duplicate.bat,COPY
C:\Users\jakem\Documents\Aletheia_project\Local_application_dev\ACP_V1\tooling\bundler\Directory_bundler_v4.5.py,ACP_v2\tools\bundler\Directory_bundler_v4.5_duplicate.py,COPY
C:\Users\jakem\Documents\Aletheia_project\Local_application_dev\ACP_V1\tooling\bundler\ENHANCEMENT_SUMMARY.md,ACP_v2\docs\guides\ENHANCEMENT_SUMMARY_duplicate.md,COPY
C:\Users\jakem\Documents\Aletheia_project\Local_application_dev\ACP_V1\tooling\bundler\FRONTEND_COMPLETE.md,ACP_v2\discovered_assets\tooling\bundler\FRONTEND_COMPLETE.md,COPY
C:\Users\jakem\Documents\Aletheia_project\Local_application_dev\ACP_V1\tooling\bundler\FRONTEND_IMPLEMENTATION_REPORT.md,ACP_v2\discovered_assets\tooling\bundler\FRONTEND_IMPLEMENTATION_REPORT.md,COPY
C:\Users\jakem\Documents\Aletheia_project\Local_application_dev\ACP_V1\tooling\bundler\FRONTEND_UPDATES.md,ACP_v2\discovered_assets\tooling\bundler\FRONTEND_UPDATES.md,COPY
C:\Users\jakem\Documents\Aletheia_project\Local_application_dev\ACP_V1\tooling\bundler\GETTING_STARTED.md,ACP_v2\docs\guides\GETTING_STARTED_duplicate.md,COPY
C:\Users\jakem\Documents\Aletheia_project\Local_application_dev\ACP_V1\tooling\bundler\Install_Dependencies.bat,ACP_v2\ops\launchers\Install_Dependencies_duplicate.bat,COPY
C:\Users\jakem\Documents\Aletheia_project\Local_application_dev\ACP_V1\tooling\bundler\read_me.md,ACP_v2\docs\guides\read_me_duplicate.md,COPY
C:\Users\jakem\Documents\Aletheia_project\Local_application_dev\ACP_V1\tooling\bundler\reference_calls.ps1,ACP_v2\ops\launchers\reference_calls_duplicate.ps1,COPY
C:\Users\jakem\Documents\Aletheia_project\Local_application_dev\ACP_V1\tooling\bundler\requirements.txt,ACP_v2\ops\requirements_duplicate.txt,COPY
C:\Users\jakem\Documents\Aletheia_project\Local_application_dev\ACP_V1\tooling\bundler\Run_Directory_Bundler.bat,ACP_v2\ops\launchers\Run_Directory_Bundler_duplicate.bat,COPY
C:\Users\jakem\Documents\Aletheia_project\Local_application_dev\ACP_V1\tooling\bundler\Run_Tests.bat,ACP_v2\ops\launchers\Run_Tests_duplicate.bat,COPY
C:\Users\jakem\Documents\Aletheia_project\Local_application_dev\ACP_V1\tooling\bundler\SCAN_ASSESSMENT.md,ACP_v2\docs\guides\SCAN_ASSESSMENT_duplicate.md,COPY
C:\Users\jakem\Documents\Aletheia_project\Local_application_dev\ACP_V1\tooling\bundler\security_utils.py,ACP_v2\tools\common\security_utils_duplicate.py,COPY
C:\Users\jakem\Documents\Aletheia_project\Local_application_dev\ACP_V1\tooling\bundler\SETUP_GUIDE.md,ACP_v2\docs\guides\SETUP_GUIDE_duplicate.md,COPY
C:\Users\jakem\Documents\Aletheia_project\Local_application_dev\ACP_V1\tooling\bundler\smoke_test.py,ACP_v2\discovered_assets\tooling\bundler\smoke_test.py,COPY
C:\Users\jakem\Documents\Aletheia_project\Local_application_dev\ACP_V1\tooling\bundler\test_bundler.py,ACP_v2\tests\test_bundler_duplicate.py,COPY
C:\Users\jakem\Documents\Aletheia_project\Local_application_dev\ACP_V1\tooling\bundler\test_proxy.py,ACP_v2\tests\test_proxy_duplicate.py,COPY
C:\Users\jakem\Documents\Aletheia_project\Local_application_dev\ACP_V1\tooling\bundler\verify_lmstudio_contract.ps1,ACP_v2\ops\launchers\verify_lmstudio_contract_duplicate.ps1,COPY
C:\Users\jakem\Documents\Aletheia_project\Local_application_dev\ACP_V1\tooling\bundler\verify_setup.py,ACP_v2\discovered_assets\tooling\bundler\verify_setup.py,COPY
C:\Users\jakem\Documents\Aletheia_project\Local_application_dev\ACP_V1\tooling\bundler\WEB_INTERFACE_README.md,ACP_v2\docs\guides\WEB_INTERFACE_README_duplicate.md,COPY
C:\Users\jakem\Documents\Aletheia_project\Local_application_dev\ACP_V1\tooling\bundler\static\app.js,ACP_v2\discovered_assets\tooling\bundler\static\app.js,COPY
C:\Users\jakem\Documents\Aletheia_project\Local_application_dev\ACP_V1\tooling\bundler\static\index.html,ACP_v2\discovered_assets\tooling\bundler\static\index.html,COPY
C:\Users\jakem\Documents\Aletheia_project\Local_application_dev\ACP_V1\tooling\bundler\static\styles.css,ACP_v2\discovered_assets\tooling\bundler\static\styles.css,COPY
C:\Users\jakem\Documents\Aletheia_project\Local_application_dev\ACP_V1\tooling\common\intergration_guide.md,ACP_v2\docs\guides\intergration_guide.md,COPY
C:\Users\jakem\Documents\Aletheia_project\Local_application_dev\ACP_V1\tooling\common\knowledge_bundle.md,ACP_v2\docs\guides\knowledge_bundle.md,COPY
C:\Users\jakem\Documents\Aletheia_project\Local_application_dev\ACP_V1\tooling\common\ocr_service.py,ACP_v2\tools\common\ocr_service_duplicate.py,COPY
C:\Users\jakem\Documents\Aletheia_project\Local_application_dev\ACP_V1\tooling\common\pdf_processor.py,ACP_v2\tools\common\pdf_processor.py,COPY
C:\Users\jakem\Documents\Aletheia_project\Local_application_dev\ACP_V1\tooling\common\test_deep_scan.py,ACP_v2\tests\test_deep_scan.py,COPY
C:\Users\jakem\Documents\Aletheia_project\Local_application_dev\ACP_V1\tooling\common\test_shadow_observer.py,ACP_v2\tests\test_shadow_observer.py,COPY
C:\Users\jakem\Documents\Aletheia_project\Local_application_dev\ACP_V1\tooling\common\test_workflow.py,ACP_v2\tests\test_workflow.py,COPY
C:\Users\jakem\Documents\Aletheia_project\Local_application_dev\ACP_V1\tooling\common\view_knowledge.py,ACP_v2\tools\ingest\view_knowledge.py,COPY
C:\Users\jakem\Documents\Aletheia_project\Local_application_dev\ACP_V1\tooling\common\workspace_packager.html,ACP_v2\discovered_assets\tooling\common\workspace_packager.html,COPY
C:\Users\jakem\Documents\Aletheia_project\Local_application_dev\ACP_V1\tooling\common\workspace_packager.jsx,ACP_v2\discovered_assets\tooling\common\workspace_packager.jsx,COPY
C:\Users\jakem\Documents\Aletheia_project\Local_application_dev\ACP_V1\tooling\common\workspace_packager_extension.py,ACP_v2\tools\common\workspace_packager_extension.py,COPY
C:\Users\jakem\Documents\Aletheia_project\Local_application_dev\ACP_V1\tooling\common\workspace_packager_v2.3.py,ACP_v2\tools\common\workspace_packager_v2.3.py,COPY
C:\Users\jakem\Documents\Aletheia_project\Local_application_dev\ACP_V1\tooling\common\app\init_db.py,ACP_v2\tools\common\init_db.py,COPY
C:\Users\jakem\Documents\Aletheia_project\Local_application_dev\ACP_V1\tooling\common\app\main.py,ACP_v2\tools\common\main.py,COPY
C:\Users\jakem\Documents\Aletheia_project\Local_application_dev\ACP_V1\tooling\common\app\__init__.py,ACP_v2\tools\common\__init__.py,COPY
C:\Users\jakem\Documents\Aletheia_project\Local_application_dev\ACP_V1\tooling\common\app\tools\canon_scanner.py,ACP_v2\tools\common\canon_scanner.py,COPY
C:\Users\jakem\Documents\Aletheia_project\Local_application_dev\ACP_V1\tooling\common\app\tools\pdf_scanner.py,ACP_v2\tools\common\pdf_scanner.py,COPY
C:\Users\jakem\Documents\Aletheia_project\Local_application_dev\ACP_V1\tooling\common\app\tools\profiler.py,ACP_v2\tools\common\profiler.py,COPY
C:\Users\jakem\Documents\Aletheia_project\Local_application_dev\ACP_V1\tooling\common\app\tools\rules_stub.py,ACP_v2\tools\common\rules_stub.py,COPY
C:\Users\jakem\Documents\Aletheia_project\Local_application_dev\ACP_V1\tooling\common\app\tools\security.py,ACP_v2\tools\common\security.py,COPY
C:\Users\jakem\Documents\Aletheia_project\Local_application_dev\ACP_V1\tooling\common\app\tools\test_runner.py,ACP_v2\tests\test_runner.py,COPY
C:\Users\jakem\Documents\Aletheia_project\Local_application_dev\ACP_V1\tooling\common\cli_scans\pdf\knowledge_bundle.md,ACP_v2\docs\guides\knowledge_bundle_duplicate.md,COPY
C:\Users\jakem\Documents\Aletheia_project\Local_application_dev\ACP_V1\tooling\common\cli_scans\pdf\knowledge_bundle_index.json,ACP_v2\discovered_assets\tooling\common\cli_scans\pdf\knowledge_bundle_index.json,COPY
C:\Users\jakem\Documents\Aletheia_project\Local_application_dev\ACP_V1\tooling\common\LCD_port\Ingest_pipeline_V4r\library_builder.py,ACP_v2\tools\common\library_builder.py,COPY
C:\Users\jakem\Documents\Aletheia_project\Local_application_dev\ACP_V1\tooling\common\LCD_port\Ingest_pipeline_V4r\config\settings.py,ACP_v2\tools\common\settings.py,COPY
C:\Users\jakem\Documents\Aletheia_project\Local_application_dev\ACP_V1\tooling\common\LCD_port\Ingest_pipeline_V4r\config\__init__.py,ACP_v2\tools\common\__init___duplicate.py,COPY
C:\Users\jakem\Documents\Aletheia_project\Local_application_dev\ACP_V1\tooling\common\LCD_port\Ingest_pipeline_V4r\core\pdf_processor.py,ACP_v2\tools\common\pdf_processor_duplicate.py,COPY
C:\Users\jakem\Documents\Aletheia_project\Local_application_dev\ACP_V1\tooling\common\LCD_port\Ingest_pipeline_V4r\core\__init__.py,ACP_v2\tools\common\__init___duplicate.py,COPY
C:\Users\jakem\Documents\Aletheia_project\Local_application_dev\ACP_V1\tooling\common\LCD_port\Ingest_pipeline_V4r\utils\ocr_service.py,ACP_v2\tools\common\ocr_service_duplicate.py,COPY
C:\Users\jakem\Documents\Aletheia_project\Local_application_dev\ACP_V1\tooling\common\LCD_port\Ingest_pipeline_V4r\utils\__init__.py,ACP_v2\tools\common\__init___duplicate.py,COPY
C:\Users\jakem\Documents\Aletheia_project\Local_application_dev\ACP_V1\tooling\common\pdf-ocr-app\README.md,ACP_v2\README_duplicate.md,COPY
C:\Users\jakem\Documents\Aletheia_project\Local_application_dev\ACP_V1\tooling\common\pdf-ocr-app\requirements.txt,ACP_v2\ops\requirements_duplicate.txt,COPY
C:\Users\jakem\Documents\Aletheia_project\Local_application_dev\ACP_V1\tooling\common\pdf-ocr-app\src\ocr_service.py,ACP_v2\tools\common\ocr_service_duplicate.py,COPY
C:\Users\jakem\Documents\Aletheia_project\Local_application_dev\ACP_V1\tooling\common\pdf-ocr-app\src\pdf_processor.py,ACP_v2\tools\common\pdf_processor_duplicate.py,COPY
C:\Users\jakem\Documents\Aletheia_project\Local_application_dev\ACP_V1\tooling\common\pdf-ocr-app\src\__init__.py,ACP_v2\tools\common\__init___duplicate.py,COPY
C:\Users\jakem\Documents\Aletheia_project\Local_application_dev\ACP_V1\tooling\common\pdf-ocr-app\src\config\settings.py,ACP_v2\tools\common\settings_duplicate.py,COPY
C:\Users\jakem\Documents\Aletheia_project\Local_application_dev\ACP_V1\tooling\common\pdf-ocr-app\src\utils\__init__.py,ACP_v2\tools\common\__init___duplicate.py,COPY
C:\Users\jakem\Documents\Aletheia_project\Local_application_dev\ACP_V1\tooling\common\pdf-ocr-app\tests\test_pdf_processor.py,ACP_v2\tests\test_pdf_processor.py,COPY
C:\Users\jakem\Documents\Aletheia_project\Local_application_dev\ACP_V1\tooling\common\tools\canon_scanner.py,ACP_v2\tools\common\canon_scanner_duplicate.py,COPY
C:\Users\jakem\Documents\Aletheia_project\Local_application_dev\ACP_V1\tooling\common\tools\pdf_scanner.py,ACP_v2\tools\common\pdf_scanner_duplicate.py,COPY
C:\Users\jakem\Documents\Aletheia_project\Local_application_dev\ACP_V1\tooling\common\tools\profiler.py,ACP_v2\tools\common\profiler_duplicate.py,COPY
C:\Users\jakem\Documents\Aletheia_project\Local_application_dev\ACP_V1\tooling\common\tools\rules_stub.py,ACP_v2\tools\common\rules_stub_duplicate.py,COPY
C:\Users\jakem\Documents\Aletheia_project\Local_application_dev\ACP_V1\tooling\common\tools\security.py,ACP_v2\tools\common\security_duplicate.py,COPY
C:\Users\jakem\Documents\Aletheia_project\Local_application_dev\ACP_V1\tooling\common\tools\test_runner.py,ACP_v2\tests\test_runner_duplicate.py,COPY
C:\Users\jakem\Documents\Aletheia_project\Local_application_dev\ACP_V1\tooling\ingest\Rag_Ingest_Pipeline\orchestrator.py,ACP_v2\tools\ingest\rag_orchestrator.py,COPY
C:\Users\jakem\Documents\Aletheia_project\Local_application_dev\ACP_V1\tooling\ingest\Rag_Ingest_Pipeline\config\settings.py,ACP_v2\discovered_assets\tooling\ingest\Rag_Ingest_Pipeline\config\settings.py,COPY
C:\Users\jakem\Documents\Aletheia_project\Local_application_dev\ACP_V1\tooling\ingest\Rag_Ingest_Pipeline\core\codebase_processor.py,ACP_v2\discovered_assets\tooling\ingest\Rag_Ingest_Pipeline\core\codebase_processor.py,COPY
C:\Users\jakem\Documents\Aletheia_project\Local_application_dev\ACP_V1\tooling\ingest\Rag_Ingest_Pipeline\core\ingest_manager.py,ACP_v2\discovered_assets\tooling\ingest\Rag_Ingest_Pipeline\core\ingest_manager.py,COPY
C:\Users\jakem\Documents\Aletheia_project\Local_application_dev\ACP_V1\tooling\ingest\Rag_Ingest_Pipeline\core\pdf_processor.py,ACP_v2\discovered_assets\tooling\ingest\Rag_Ingest_Pipeline\core\pdf_processor.py,COPY
C:\Users\jakem\Documents\Aletheia_project\Local_application_dev\ACP_V1\tooling\ingest\Rag_Ingest_Pipeline\core\retrieval_controller.py,ACP_v2\discovered_assets\tooling\ingest\Rag_Ingest_Pipeline\core\retrieval_controller.py,COPY
C:\Users\jakem\Documents\Aletheia_project\Local_application_dev\ACP_V1\tooling\ingest\Rag_Ingest_Pipeline\settings\init.py,ACP_v2\discovered_assets\tooling\ingest\Rag_Ingest_Pipeline\settings\init.py,COPY
C:\Users\jakem\Documents\Aletheia_project\Local_application_dev\ACP_V1\tooling\ingest\Rag_Ingest_Pipeline\utils\embedding_client.py,ACP_v2\tools\common\embedding_client_duplicate.py,COPY
C:\Users\jakem\Documents\Aletheia_project\Local_application_dev\ACP_V1\tooling\ingest\Rag_Ingest_Pipeline\utils\metadata_extractor.py,ACP_v2\tools\common\metadata_extractor_duplicate.py,COPY
C:\Users\jakem\Documents\Aletheia_project\Local_application_dev\ACP_V1\tooling\ingest\Rag_Ingest_Pipeline\utils\ocr_service.py,ACP_v2\tools\common\ocr_service_duplicate.py,COPY
C:\Users\jakem\Documents\Aletheia_project\Local_application_dev\ACP_V1\ui\frontend\index.html,ACP_v2\ui\frontend\index.html,COPY
C:\Users\jakem\Documents\Aletheia_project\Local_application_dev\ACP_V1\ui\frontend\index.tsx,ACP_v2\ui\frontend\index.tsx,COPY
C:\Users\jakem\Documents\Aletheia_project\Local_application_dev\ACP_V1\ui\frontend\metadata.json,ACP_v2\ui\frontend\metadata.json,COPY
C:\Users\jakem\Documents\Aletheia_project\Local_application_dev\ACP_V1\ui\frontend\package-lock.json,ACP_v2\ui\package-lock_duplicate.json,COPY
C:\Users\jakem\Documents\Aletheia_project\Local_application_dev\ACP_V1\ui\frontend\package.json,ACP_v2\ui\package_duplicate.json,COPY
C:\Users\jakem\Documents\Aletheia_project\Local_application_dev\ACP_V1\ui\frontend\README.md,ACP_v2\README_duplicate.md,COPY
C:\Users\jakem\Documents\Aletheia_project\Local_application_dev\ACP_V1\ui\frontend\setup_frontend.bat,ACP_v2\ops\launchers\setup_frontend.bat,COPY
C:\Users\jakem\Documents\Aletheia_project\Local_application_dev\ACP_V1\ui\frontend\tsconfig.json,ACP_v2\ui\frontend\tsconfig.json,COPY
C:\Users\jakem\Documents\Aletheia_project\Local_application_dev\ACP_V1\ui\frontend\vite.config.ts,ACP_v2\ui\frontend\vite.config.ts,COPY
C:\Users\jakem\Documents\Aletheia_project\Local_application_dev\ACP_V1\ui\frontend\components\ChatPage.tsx,ACP_v2\ui\frontend\components\ChatPage.tsx,COPY
C:\Users\jakem\Documents\Aletheia_project\Local_application_dev\ACP_V1\ui\frontend\components\CodeEditorPage.tsx,ACP_v2\ui\frontend\components\CodeEditorPage.tsx,COPY
C:\Users\jakem\Documents\Aletheia_project\Local_application_dev\ACP_V1\ui\frontend\components\CodeReviewPage.tsx,ACP_v2\ui\frontend\components\CodeReviewPage.tsx,COPY
C:\Users\jakem\Documents\Aletheia_project\Local_application_dev\ACP_V1\ui\frontend\components\DashboardPage.tsx,ACP_v2\ui\frontend\components\DashboardPage.tsx,COPY
C:\Users\jakem\Documents\Aletheia_project\Local_application_dev\ACP_V1\ui\frontend\components\DevToolsPage.tsx,ACP_v2\ui\frontend\components\DevToolsPage.tsx,COPY
C:\Users\jakem\Documents\Aletheia_project\Local_application_dev\ACP_V1\ui\frontend\components\DialecticalView.tsx,ACP_v2\ui\frontend\components\DialecticalView.tsx,COPY
C:\Users\jakem\Documents\Aletheia_project\Local_application_dev\ACP_V1\ui\frontend\components\DocReviewPage.tsx,ACP_v2\ui\frontend\components\DocReviewPage.tsx,COPY
C:\Users\jakem\Documents\Aletheia_project\Local_application_dev\ACP_V1\ui\frontend\components\DocumentEditorPage.tsx,ACP_v2\ui\frontend\components\DocumentEditorPage.tsx,COPY
C:\Users\jakem\Documents\Aletheia_project\Local_application_dev\ACP_V1\ui\frontend\components\HomePage.tsx,ACP_v2\ui\frontend\components\HomePage.tsx,COPY
C:\Users\jakem\Documents\Aletheia_project\Local_application_dev\ACP_V1\ui\frontend\components\LMSetupPage.tsx,ACP_v2\ui\frontend\components\LMSetupPage.tsx,COPY
C:\Users\jakem\Documents\Aletheia_project\Local_application_dev\ACP_V1\ui\frontend\components\StackBuilderPage.tsx,ACP_v2\ui\frontend\components\StackBuilderPage.tsx,COPY
C:\Users\jakem\Documents\Aletheia_project\Local_application_dev\ACP_V1\ui\frontend\components\TerminalBlock.tsx,ACP_v2\ui\frontend\components\TerminalBlock.tsx,COPY
C:\Users\jakem\Documents\Aletheia_project\Local_application_dev\ACP_V1\ui\frontend\components\ui.tsx,ACP_v2\ui\frontend\components\ui.tsx,COPY
C:\Users\jakem\Documents\Aletheia_project\Local_application_dev\ACP_V1\ui\frontend\components\chat\AdaptiveMessage.tsx,ACP_v2\ui\frontend\components\AdaptiveMessage.tsx,COPY
C:\Users\jakem\Documents\Aletheia_project\Local_application_dev\ACP_V1\ui\frontend\components\chat\CognitiveToolbar.tsx,ACP_v2\ui\frontend\components\CognitiveToolbar.tsx,COPY
C:\Users\jakem\Documents\Aletheia_project\Local_application_dev\ACP_V1\workflows\workflow_analyze.py,ACP_v2\workflows\workflow_analyze.py,COPY
C:\Users\jakem\Documents\Aletheia_project\Local_application_dev\ACP_V1\workflows\workflow_build_stack.py,ACP_v2\workflows\workflow_build_stack.py,COPY
C:\Users\jakem\Documents\Aletheia_project\Local_application_dev\ACP_V1\workflows\workflow_extract.py,ACP_v2\workflows\workflow_extract_duplicate.py,COPY
C:\Users\jakem\Documents\Aletheia_project\Local_application_dev\ACP_V1\workflows\workflow_ingest.py,ACP_v2\workflows\workflow_ingest_duplicate.py,COPY
C:\Users\jakem\Documents\Aletheia_project\Local_application_dev\ACP_V1\workflows\workflow_validate_schema.py,ACP_v2\workflows\workflow_validate_schema.py,COPY
None,ACP_v2\config\intent_specs.yaml,CREATE_CONTENT
None,ACP_v2\ops\diagnostics\scan_assessment.md,CREATE
None,ACP_v2\ops\diagnostics\ai_verification.md,CREATE
None,ACP_v2\memory\project\.keep,CREATE
None,ACP_v2\memory\task\.keep,CREATE
None,ACP_v2\memory\schemas\.keep,CREATE
None,ACP_v2\memory\components\.keep,CREATE
None,ACP_v2\memory\documents\.keep,CREATE
None,ACP_v2\ui\static\.keep,CREATE
None,ACP_v2\ui\frontend\components\.keep,CREATE
None,ACP_v2\ui\frontend\services\.keep,CREATE
None,ACP_v2\ui\frontend\hooks\.keep,CREATE
None,ACP_v2\tools\common\.keep,CREATE
None,ACP_v2\legacy\.keep,CREATE
None,ACP_v2\reference\.keep,CREATE
None,ACP_v2\docs\guides\.keep,CREATE
None,ACP_v2\config\.keep,CREATE
